{
  "rmse": 53.36956671032197,
  "r2": 0.4849058889476754
}